date,daily_net_krw,charge_mwh,discharge_mwh,power_violation_mw,soc_violation_mwh,soc_balance_error_mwh,end_soc_mwh,simultaneous_mw
2024-01-02,36486278.607889995,431.331093,370.94474,0.0,1.7271770502702566e-07,4.782239329870208e-06,-2.156660627861129e-08,0.0
2024-01-03,29019023.3735,431.331093,370.94474,0.0,1.7271770502702566e-07,4.782239329870208e-06,-2.156660627861129e-08,0.0
2024-01-04,33371292.48548,431.331093,370.94474,0.0,1.7271770502702566e-07,4.782239329870208e-06,-2.1566620489466004e-08,0.0
2024-01-05,30146655.154729996,431.331093,370.94474,0.0,1.7271770502702566e-07,4.782239329870208e-06,-2.156660627861129e-08,0.0
2024-01-06,14411607.254649999,431.331093,370.94474,0.0,1.7271770502702566e-07,4.782239329870208e-06,-2.156660627861129e-08,0.0
2024-01-07,10070634.307339996,431.331093,370.94474,0.0,1.7271776187044452e-07,4.864871129939274e-06,-2.1566563646047143e-08,0.0
2024-01-08,34845869.49661,431.331093,370.94474,0.0,1.7271776187044452e-07,4.864871129939274e-06,-2.1566549435192428e-08,0.0
2024-01-09,21485996.91129,431.331093,370.94474,0.0,1.7271776187044452e-07,4.864871129939274e-06,-2.1566549435192428e-08,0.0
2024-01-10,30503189.80381,431.331093,370.94474,0.0,1.7271770502702566e-07,4.782239329870208e-06,-2.1566620489466004e-08,0.0
2024-01-11,25538301.618730005,431.331093,370.94474,0.0,1.7271770502702566e-07,4.782239329870208e-06,-2.156660627861129e-08,0.0
2024-01-12,26561595.193759996,431.331093,370.94474,0.0,1.7271770502702566e-07,4.782239329870208e-06,-2.156660627861129e-08,0.0
2024-01-13,8942715.188119998,431.331093,370.94474,0.0,1.7271770502702566e-07,4.782239329870208e-06,-2.156660627861129e-08,0.0
2024-01-14,2133558.1629500017,348.83720900000003,300.0,0.0,2.8036521371177514e-07,4.374993011424522e-06,-2.8036521371177514e-07,0.0
2024-01-15,34603381.7481,431.331093,370.94474,0.0,1.7271776187044452e-07,4.864871129939274e-06,-2.1566563646047143e-08,0.0
2024-01-16,24423259.849570002,431.331093,370.94474,0.0,1.7271770502702566e-07,4.782239329870208e-06,-2.1566620489466004e-08,0.0
2024-01-17,20685365.21577,431.331093,370.94474,0.0,1.7271776187044452e-07,4.782239273026789e-06,-2.1566563646047143e-08,0.0
2024-01-18,30187574.500919994,431.331093,370.94474,0.0,1.7271770502702566e-07,4.782239329870208e-06,-2.156660627861129e-08,0.0
2024-01-19,27645416.109380003,431.331093,370.94474,0.0,1.7271770502702566e-07,4.782239329870208e-06,-2.1566620489466004e-08,0.0
2024-01-20,15585269.480729999,431.331093,370.94474,0.0,1.7271770502702566e-07,4.782239329870208e-06,-2.156660627861129e-08,0.0
2024-01-21,15102116.434830135,431.331093,370.944740000001,0.0,1.7271668184548616e-07,4.864870049914316e-06,-2.15676436710055e-08,0.0
2024-01-22,36857595.07024,431.331093,370.94474,0.0,1.7271770502702566e-07,4.782239329870208e-06,-2.156660627861129e-08,0.0
2024-01-23,13927588.685740001,431.331093,370.94474,0.0,1.7271776187044452e-07,4.864871129939274e-06,-2.1566549435192428e-08,0.0
2024-01-24,9998648.088600004,431.331093,370.94474,0.0,1.7271770502702566e-07,4.782239329870208e-06,-2.156660627861129e-08,0.0
2024-01-25,16398967.698640002,431.331093,370.94474,0.0,1.7271776187044452e-07,4.864871129939274e-06,-2.1566549435192428e-08,0.0
2024-01-26,15626926.468039997,431.331093,370.94474,0.0,1.7271770502702566e-07,4.782239329870208e-06,-2.1566620489466004e-08,0.0
2024-01-27,17671746.4088,431.331093,370.94474,0.0,1.7271776187044452e-07,4.864871129939274e-06,-2.1566563646047143e-08,0.0
2024-01-28,8102360.0,400.0,344.0,0.0,7.105427357601002e-15,4.864871129939274e-06,-7.105427357601002e-15,0.0
2024-01-29,36720788.74516,431.331093,370.94474,0.0,1.7271776187044452e-07,4.864871129939274e-06,-2.1566563646047143e-08,0.0
2024-01-30,27140885.50597,431.331093,370.94474,0.0,1.7271776187044452e-07,4.864871129939274e-06,-2.1566563646047143e-08,0.0
2024-01-31,25378950.091149997,431.331093,370.94474,0.0,1.7271776187044452e-07,4.864871129939274e-06,-2.1566549435192428e-08,0.0
2024-02-01,30447145.27532,431.331093,370.94474,0.0,1.7271776187044452e-07,4.864871129939274e-06,-2.1566563646047143e-08,0.0
2024-02-02,16954200.369380005,431.331093,370.94474,0.0,1.7271776187044452e-07,4.864871129939274e-06,-2.1566549435192428e-08,0.0
2024-02-03,6361645.634910004,431.331093,370.94474,0.0,1.7271770502702566e-07,4.782239329870208e-06,-2.156660627861129e-08,0.0
2024-02-04,4632202.2857099995,431.331093,370.94474,0.0,1.7271776187044452e-07,4.864871129939274e-06,-2.1566549435192428e-08,0.0
2024-02-05,36030933.22217,431.331093,370.94474,0.0,1.7271776187044452e-07,4.864871129939274e-06,-2.1566549435192428e-08,0.0
2024-02-06,19048266.65047,431.331093,370.94474,0.0,1.7271776187044452e-07,4.864871129939274e-06,-2.1566549435192428e-08,0.0
2024-02-07,11165340.62156,431.331093,370.94474,0.0,1.7271776187044452e-07,4.864871129939274e-06,-2.1566549435192428e-08,0.0
2024-02-08,17004924.120980002,431.331093,370.94474,0.0,1.7271776187044452e-07,4.864871129939274e-06,-2.1566549435192428e-08,0.0
2024-02-09,5021677.219630001,431.331093,370.94474,0.0,1.7271776187044452e-07,4.864871129939274e-06,-2.1566563646047143e-08,0.0
2024-02-10,21332626.548929997,431.331093,370.94474,0.0,1.7271776187044452e-07,4.864871129939274e-06,-2.1566563646047143e-08,0.0
2024-02-11,21021737.068970002,431.331093,370.94474,0.0,1.7271776187044452e-07,4.864871129939274e-06,-2.1566563646047143e-08,0.0
2024-02-12,19614450.17492,431.331093,370.94474,0.0,1.7271776187044452e-07,4.864871129939274e-06,-2.1566549435192428e-08,0.0
2024-02-13,31342264.412609994,431.331093,370.94474,0.0,1.7271770502702566e-07,4.782239329870208e-06,-2.1566620489466004e-08,0.0
2024-02-14,27450896.42041,431.331093,370.94474,0.0,1.7271776187044452e-07,4.864871129939274e-06,-2.1566563646047143e-08,0.0
2024-02-15,25096267.20301,431.331093,370.94474,0.0,1.7271776187044452e-07,4.864871129939274e-06,-2.1566549435192428e-08,0.0
2024-02-16,16737238.7727,431.331093,370.94474,0.0,1.7271776187044452e-07,4.864871129939274e-06,-2.1566549435192428e-08,0.0
2024-02-17,1918520.0,300.0,258.0,0.0,0.0,4.864871129939274e-06,7.105427357601002e-15,0.0
2024-02-18,859240.0,200.0,172.0,0.0,0.0,3.2034384247481285e-06,0.0,0.0
2024-02-19,29614904.547919996,431.331093,370.94474,0.0,1.7271776187044452e-07,4.864871129939274e-06,-2.1566563646047143e-08,0.0
2024-02-20,27322715.69752,431.331093,370.94474,0.0,1.7271776187044452e-07,4.864871129939274e-06,-2.1566563646047143e-08,0.0
2024-02-21,26314876.123120002,431.331093,370.94474,0.0,1.7271776187044452e-07,4.864871129939274e-06,-2.1566563646047143e-08,0.0
2024-02-22,25981146.876980003,431.331093,370.94474,0.0,1.7271776187044452e-07,4.864871129939274e-06,-2.1566563646047143e-08,0.0
2024-02-23,28042289.654920004,431.331093,370.94474,0.0,1.7271776187044452e-07,4.864871129939274e-06,-2.1566549435192428e-08,0.0
2024-02-24,16722976.662140004,431.331093,370.94474,0.0,1.7271770502702566e-07,4.782239329870208e-06,-2.1566620489466004e-08,0.0
2024-02-25,14552119.170989998,431.331093,370.94474,0.0,2.1566549435192428e-08,4.864871129939274e-06,-2.1566549435192428e-08,0.0
2024-02-26,29215715.697520003,431.331093,370.94474,0.0,1.7271770502702566e-07,4.782239329870208e-06,-2.156660627861129e-08,0.0
2024-02-27,18526394.68945,431.331093,370.94474,0.0,1.7271776187044452e-07,4.864871129939274e-06,-2.1566549435192428e-08,0.0
2024-02-28,22762327.88386,431.331093,370.94474,0.0,1.7271776187044452e-07,4.864871129939274e-06,-2.1566549435192428e-08,0.0
2024-02-29,19827948.443639997,431.331093,370.94474,0.0,1.7271776187044452e-07,4.864871129939274e-06,-2.1566563646047143e-08,0.0
2024-03-01,4342433.986170001,431.331093,370.94474,0.0,2.1566563646047143e-08,4.864871129939274e-06,-2.1566563646047143e-08,0.0
2024-03-02,0.0,0.0,0.0,0.0,0.0,0.0,0.0,0.0
2024-03-03,2923620.0,300.0,258.0,0.0,0.0,4.864871129939274e-06,0.0,0.0
2024-03-04,26701581.150140002,431.331093,370.94474,0.0,1.7271770502702566e-07,4.782239329870208e-06,-2.156660627861129e-08,0.0
2024-03-05,21085318.372399993,431.331093,370.94474,0.0,1.7271776187044452e-07,4.864871129939274e-06,-2.1566563646047143e-08,0.0
2024-03-06,21826832.360009994,431.331093,370.94474,0.0,1.7271770502702566e-07,4.782239329870208e-06,-2.156660627861129e-08,0.0
2024-03-07,24065772.292799998,431.331093,370.94474,0.0,1.7271776187044452e-07,4.864871129939274e-06,-2.1566549435192428e-08,0.0
2024-03-08,19963194.14709,431.331093,370.94474,0.0,1.7271770502702566e-07,4.782239329870208e-06,-2.156660627861129e-08,0.0
2024-03-09,17951264.416049995,431.331093,370.94474,0.0,1.7271770502702566e-07,4.782239329870208e-06,-2.156660627861129e-08,0.0
2024-03-10,28211678.9045,431.331093,370.94474,0.0,1.7271776187044452e-07,4.864871129939274e-06,-2.1566549435192428e-08,0.0
2024-03-11,25564698.78348,431.331093,370.94474,0.0,1.7271770502702566e-07,4.782239329870208e-06,-2.156660627861129e-08,0.0
2024-03-12,16993255.13984,431.331093,370.94474,0.0,1.7271776187044452e-07,4.864871129939274e-06,-2.1566549435192428e-08,0.0
2024-03-13,15839963.719229996,431.331093,370.94474,0.0,1.7271776187044452e-07,4.864871129939274e-06,-2.1566563646047143e-08,0.0
2024-03-14,14111269.066380003,431.331093,370.94474,0.0,1.7271770502702566e-07,4.782239329870208e-06,-2.156660627861129e-08,0.0
2024-03-15,14641100.740120001,431.331093,370.94474,0.0,2.1566563646047143e-08,4.843304566293227e-06,-2.1566563646047143e-08,0.0
2024-03-16,16460603.098049996,431.331093,370.94474,0.0,1.7271776187044452e-07,4.782239273026789e-06,-2.1566549435192428e-08,0.0
2024-03-17,19809227.42792,431.331093,370.94474,0.0,1.7271770502702566e-07,4.782239329870208e-06,-2.156660627861129e-08,0.0
2024-03-18,22442267.97691,431.331093,370.94474,0.0,1.7271776187044452e-07,4.864871129939274e-06,-2.1566549435192428e-08,0.0
2024-03-19,14427337.05716,431.331093,370.94474,0.0,1.7271776187044452e-07,4.864871129939274e-06,-2.1566549435192428e-08,0.0
2024-03-20,11167007.147529997,431.331093,370.94474,0.0,2.1566563646047143e-08,4.864871129939274e-06,-2.1566563646047143e-08,0.0
2024-03-21,10330422.53895,431.331093,370.94474,0.0,2.1566563646047143e-08,4.864871129939274e-06,-2.1566563646047143e-08,0.0
2024-03-22,8065419.654130001,431.331093,370.94474,1e-12,2.156657785690186e-08,4.69215336806883e-06,-2.156657785690186e-08,0.0
2024-03-23,15496466.55677019,431.33109300000103,370.9447400000019,0.0,1.727166250020673e-07,4.7822404098951665e-06,-2.156770051442436e-08,0.0
2024-03-24,7434380.026789995,431.331093,370.94474,0.0,1.7271770502702566e-07,4.782239329870208e-06,-2.156660627861129e-08,0.0
2024-03-25,19572432.101279996,431.331093,370.94474,0.0,1.7271776187044452e-07,4.864871129939274e-06,-2.1566549435192428e-08,0.0
2024-03-26,12051144.855080001,431.331093,370.94474,0.0,2.1566563646047143e-08,4.782239273026789e-06,-2.1566563646047143e-08,0.0
2024-03-27,10686841.576860003,431.331093,370.94474,0.0,1.7271776187044452e-07,4.864871129939274e-06,-2.1566563646047143e-08,0.0
2024-03-28,8821909.063989997,431.331093,370.94474,0.0,1.7271770502702566e-07,4.782239329870208e-06,-2.1566620489466004e-08,0.0
2024-03-29,6557292.893089997,431.331093,370.94474,0.0,2.1566549435192428e-08,4.69215336806883e-06,-2.1566549435192428e-08,0.0
2024-03-30,9902337.140299998,431.331093,370.94474,0.0,2.1566563646047143e-08,3.405176812520949e-06,-2.1566563646047143e-08,0.0
2024-03-31,13242924.095409997,431.331093,370.94474,0.0,2.1566563646047143e-08,4.63379166149025e-06,-2.1566563646047143e-08,0.0
2024-04-01,16744221.231269998,431.331093,370.94474,0.0,2.156660627861129e-08,4.782239329870208e-06,-2.156660627861129e-08,0.0
2024-04-02,10536116.172060004,431.331093,370.94474,0.0,1.7271776187044452e-07,4.864871129939274e-06,-2.1566549435192428e-08,0.0
2024-04-03,10781639.155289996,431.331093,370.94474,0.0,1.7271776187044452e-07,4.864871129939274e-06,-2.1566549435192428e-08,0.0
2024-04-04,10199883.76016,348.83720900000003,300.0,0.0,2.8036521371177514e-07,4.374993011424522e-06,-2.8036521371177514e-07,0.0
2024-04-05,11318840.0,400.0,344.0,0.0,7.105427357601002e-15,4.864871129939274e-06,-7.105427357601002e-15,0.0
2024-04-06,6959616.356480004,431.331093,370.94474,0.0,1.7271776187044452e-07,4.782239273026789e-06,-2.1566549435192428e-08,0.0
2024-04-07,6285279.098049996,348.83720900000003,300.0,0.0,2.8036521371177514e-07,4.864871129939274e-06,-2.8036521371177514e-07,0.0
2024-04-08,17772199.93696,431.331093,370.94474,0.0,1.7271770502702566e-07,4.782239329870208e-06,-2.156660627861129e-08,0.0
2024-04-09,14267423.540919999,431.331093,370.94474,0.0,1.7271776187044452e-07,4.864871129939274e-06,-2.1566549435192428e-08,0.0
2024-04-10,12829777.111860001,431.331093,370.94474,0.0,2.1566563646047143e-08,4.864871129939274e-06,-2.1566563646047143e-08,0.0
2024-04-11,18227619.86017,431.331093,370.94474,0.0,1.7271776187044452e-07,4.864871129939274e-06,-2.1566549435192428e-08,0.0
2024-04-12,14094232.028959997,431.331093,370.94474,0.0,1.7271770502702566e-07,4.782239329870208e-06,-2.1566620489466004e-08,0.0
2024-04-13,1034697.6339999996,232.55814,200.0,0.0,0.0,3.6347694987171053e-06,4.3133107396897685e-07,0.0
2024-04-14,12247036.176589997,431.331093,370.94474,0.0,1.7271776187044452e-07,4.864871129939274e-06,-2.1566549435192428e-08,0.0
2024-04-15,25795886.688890003,431.331093,370.94474,0.0,1.7271770502702566e-07,4.782239329870208e-06,-2.156660627861129e-08,0.0
2024-04-16,14951418.003510002,431.331093,370.94474,0.0,1.7271770502702566e-07,4.782239329870208e-06,-2.1566620489466004e-08,0.0
2024-04-17,7261112.072459996,431.331093,370.94474,0.0,1.7271776187044452e-07,4.864871129939274e-06,-2.1566563646047143e-08,0.0
2024-04-18,11703290.248690002,431.331093,370.94474,0.0,1.7271776187044452e-07,4.864871129939274e-06,-2.1566563646047143e-08,0.0
2024-04-19,11811934.861380003,431.331093,370.94474,0.0,2.1566563646047143e-08,4.864871129939274e-06,-2.1566563646047143e-08,0.0
2024-04-20,18967570.01769,431.331093,370.94474,0.0,1.7271776187044452e-07,4.864871129939274e-06,-2.1566549435192428e-08,0.0
2024-04-21,11091868.674569996,431.331093,370.94474,0.0,1.7271770502702566e-07,4.782239329870208e-06,-2.156660627861129e-08,0.0
2024-04-22,17642121.692130003,431.331093,370.94474,0.0,1.7271776187044452e-07,4.782239273026789e-06,-2.1566563646047143e-08,0.0
2024-04-23,10775678.87651016,431.331093,370.94474000000105,0.0,1.727166250020673e-07,4.7822404098951665e-06,-2.1567686303569644e-08,0.0
2024-04-24,8353696.119959999,431.331093,370.94474,0.0,1.7271770502702566e-07,4.782239329870208e-06,-2.1566620489466004e-08,0.0
2024-04-25,3196080.0,300.0,258.0,0.0,0.0,2.9352433728035976e-07,0.0,0.0
2024-04-26,4749409.475080155,431.331093,370.944740000001,0.0,1.727166250020673e-07,4.7822404098951665e-06,-2.156770051442436e-08,0.0
2024-04-27,9732023.345490001,431.331093,370.94474,0.0,4.528976518258787e-07,3.6146897173239267e-06,-2.1566563646047143e-08,0.0
2024-04-28,6798939.966449998,431.331093,370.94474,0.0,1.7271776187044452e-07,4.864871129939274e-06,-2.1566563646047143e-08,0.0
2024-04-29,22161000.182799995,431.331093,370.94474,0.0,1.7271776187044452e-07,4.864871129939274e-06,-2.1566549435192428e-08,0.0
2024-04-30,15693732.984629998,431.331093,370.94474,0.0,2.156660627861129e-08,4.782239329870208e-06,-2.156660627861129e-08,0.0
2024-05-01,7844955.697559997,431.331093,370.94474,0.0,1.7271770502702566e-07,4.782239329870208e-06,-2.1566620489466004e-08,0.0
2024-05-02,3254160.0,200.0,172.0,0.0,0.0,3.2034384247481285e-06,0.0,0.0
2024-05-03,443116.24980000034,116.27907,100.0,0.0,0.0,3.419103961732617e-06,2.1566553698448843e-07,0.0
2024-05-04,6789280.0,200.0,172.0,0.0,0.0,2.9352433728035976e-07,0.0,0.0
2024-05-05,14438365.36152,431.331093,370.94474,0.0,1.7271776187044452e-07,4.864871129939274e-06,-2.1566563646047143e-08,0.0
2024-05-06,18554543.849970005,431.331093,370.94474,0.0,1.7271770502702566e-07,4.782239329870208e-06,-2.1566620489466004e-08,0.0
2024-05-07,9803902.889960002,431.331093,370.94474,0.0,1.7271770502702566e-07,4.782239329870208e-06,-2.1566620489466004e-08,0.0
2024-05-08,3185746.9996099956,431.331093,370.94474,0.0,1.7271776187044452e-07,4.864871129939274e-06,-2.1566549435192428e-08,0.0
2024-05-09,7312824.589420002,431.331093,370.94474,0.0,2.1566592067756574e-08,4.782239329870208e-06,-2.1566592067756574e-08,0.0
2024-05-10,5230831.11145,431.331093,370.94474,0.0,1.7271770502702566e-07,4.782239329870208e-06,-2.156660627861129e-08,0.0
2024-05-11,14296895.99114,431.331093,370.94474,0.0,1.7271776187044452e-07,4.782239273026789e-06,-2.1566549435192428e-08,0.0
2024-05-12,7757157.347989999,431.331093,370.94474,0.0,2.1566563646047143e-08,4.864871129939274e-06,-2.1566563646047143e-08,0.0
2024-05-13,17329182.635970004,431.331093,370.94474,0.0,1.7271776187044452e-07,4.864871129939274e-06,-2.1566549435192428e-08,0.0
2024-05-14,14423175.86977,431.331093,370.94474,0.0,1.7271776187044452e-07,4.864871129939274e-06,-2.1566549435192428e-08,0.0
2024-05-15,3700604.3956899997,431.331093,370.94474,0.0,1.7271776187044452e-07,4.782239273026789e-06,-2.1566549435192428e-08,0.0
2024-05-16,15505499.115749998,431.331093,370.94474,0.0,1.7271770502702566e-07,4.782239329870208e-06,-2.156660627861129e-08,0.0
2024-05-17,11493388.782140002,431.331093,370.94474,0.0,1.7271770502702566e-07,4.782239329870208e-06,-2.1566620489466004e-08,0.0
2024-05-18,6532076.998069998,431.331093,370.94474,0.0,1.7271776187044452e-07,4.782239273026789e-06,-2.1566549435192428e-08,0.0
2024-05-19,12211828.873460002,431.331093,370.94474,0.0,1.7271776187044452e-07,4.782239273026789e-06,-2.1566549435192428e-08,0.0
2024-05-20,17324317.39259,431.331093,370.94474,0.0,1.7271776187044452e-07,4.864871129939274e-06,-2.1566549435192428e-08,0.0
2024-05-21,11640352.679399997,431.331093,370.94474,0.0,1.7271776187044452e-07,4.864871129939274e-06,-2.1566563646047143e-08,0.0
2024-05-22,11981832.179999996,431.331093,370.94474,0.0,1.7271776187044452e-07,4.864871129939274e-06,-2.1566563646047143e-08,0.0
2024-05-23,11002376.617759995,431.331093,370.94474,0.0,1.7271770502702566e-07,4.782239329870208e-06,-2.1566620489466004e-08,0.0
2024-05-24,15819047.13183,431.331093,370.94474,0.0,1.7271770502702566e-07,4.782239329870208e-06,-2.1566620489466004e-08,0.0
2024-05-25,2797482.9749299996,431.331093,370.94474,0.0,1.7271776187044452e-07,4.864871129939274e-06,-2.1566549435192428e-08,0.0
2024-05-26,10808584.312880002,431.331093,370.94474,0.0,1.7271776187044452e-07,4.782239273026789e-06,-2.1566549435192428e-08,0.0
2024-05-27,19338570.22654,431.331093,370.94474,0.0,1.7271776187044452e-07,4.864871129939274e-06,-2.1566563646047143e-08,0.0
2024-05-28,13649059.055639997,431.331093,370.94474,0.0,1.7271776187044452e-07,4.864871129939274e-06,-2.1566563646047143e-08,0.0
2024-05-29,10792528.354510002,431.331093,370.94474,0.0,1.7271776187044452e-07,4.864871129939274e-06,-2.1566563646047143e-08,0.0
2024-05-30,6105511.666129999,348.83720900000003,300.0,0.0,2.8036521371177514e-07,4.864871129939274e-06,-2.8036521371177514e-07,0.0
2024-05-31,7808650.732119998,431.331093,370.94474,0.0,1.7271776187044452e-07,4.864871129939274e-06,-2.1566549435192428e-08,0.0
2024-06-01,13692341.511680001,431.331093,370.94474,0.0,1.7271776187044452e-07,4.864871129939274e-06,-2.1566549435192428e-08,0.0
2024-06-02,10398896.177019998,431.331093,370.94474,0.0,1.7271770502702566e-07,4.782239329870208e-06,-2.1566620489466004e-08,0.0
2024-06-03,18420824.716439996,431.331093,370.94474,0.0,1.7271776187044452e-07,4.864871129939274e-06,-2.1566563646047143e-08,0.0
2024-06-04,7849485.209950002,431.331093,370.94474,0.0,1.7271770502702566e-07,4.782239329870208e-06,-2.156660627861129e-08,0.0
2024-06-05,6909861.859769994,431.331093,370.94474,0.0,1.7271770502702566e-07,4.782239329870208e-06,-2.156660627861129e-08,0.0
2024-06-06,4419800.0,400.0,344.0,0.0,7.105427357601002e-15,4.864871129939274e-06,-7.105427357601002e-15,0.0
2024-06-07,12842505.040049998,431.331093,370.94474,0.0,1.7271776187044452e-07,4.864871129939274e-06,-2.1566549435192428e-08,0.0
2024-06-08,9443438.85669,431.331093,370.94474,0.0,1.7271776187044452e-07,4.864871129939274e-06,-2.1566549435192428e-08,0.0
2024-06-09,17899187.692269996,431.331093,370.94474,0.0,1.7271776187044452e-07,4.864871129939274e-06,-2.1566549435192428e-08,0.0
2024-06-10,15514025.112489998,431.331093,370.94474,0.0,1.7271770502702566e-07,4.782239329870208e-06,-2.1566620489466004e-08,0.0
2024-06-11,11714065.767880002,431.331093,370.94474,0.0,1.7271776187044452e-07,4.864871129939274e-06,-2.1566549435192428e-08,0.0
2024-06-12,5370680.0,400.0,344.0,0.0,0.0,4.864871129939274e-06,0.0,0.0
2024-06-13,10191510.033769999,431.331093,370.94474,0.0,1.7271770502702566e-07,4.782239329870208e-06,-2.156660627861129e-08,0.0
2024-06-14,10772087.231320001,431.331093,370.94474,0.0,1.7271770502702566e-07,4.782239329870208e-06,-2.1566620489466004e-08,0.0
2024-06-15,11176962.819389999,431.331093,370.94474,0.0,1.7271776187044452e-07,4.864871129939274e-06,-2.1566563646047143e-08,0.0
2024-06-16,12078987.522919996,431.331093,370.94474,0.0,1.7271776187044452e-07,4.864871129939274e-06,-2.1566549435192428e-08,0.0
2024-06-17,20945231.994439997,431.331093,370.94474,0.0,1.7271770502702566e-07,4.782239329870208e-06,-2.156660627861129e-08,0.0
2024-06-18,20917788.11547,431.331093,370.94474,0.0,1.7271770502702566e-07,4.782239329870208e-06,-2.1566620489466004e-08,0.0
2024-06-19,9633692.710459996,431.331093,370.94474,0.0,1.7271770502702566e-07,4.782239329870208e-06,-2.1566620489466004e-08,0.0
2024-06-20,10938026.986239998,431.331093,370.94474,0.0,1.7271776187044452e-07,4.782239273026789e-06,-2.1566549435192428e-08,0.0
2024-06-21,16732463.64048,431.331093,370.94474,0.0,1.7271770502702566e-07,4.782239329870208e-06,-2.1566620489466004e-08,0.0
2024-06-22,10601186.592499994,431.331093,370.94474,0.0,1.7271776187044452e-07,4.864871129939274e-06,-2.1566549435192428e-08,0.0
2024-06-23,10989506.824789997,431.331093,370.94474,0.0,1.7271770502702566e-07,4.782239329870208e-06,-2.1566620489466004e-08,0.0
2024-06-24,18623443.55754,431.331093,370.94474,0.0,1.7271776187044452e-07,4.864871129939274e-06,-2.1566563646047143e-08,0.0
2024-06-25,20271697.17960021,431.33109300000103,370.94474000000184,0.0,1.7271668184548616e-07,4.864870049914316e-06,-2.1567629460150783e-08,0.0
2024-06-26,13256846.116969999,431.331093,370.94474,0.0,1.7271770502702566e-07,4.782239329870208e-06,-2.156660627861129e-08,0.0
2024-06-27,12541623.349540003,431.331093,370.94474,0.0,1.7271770502702566e-07,4.782239329870208e-06,-2.1566620489466004e-08,0.0
2024-06-28,13336753.846100003,431.331093,370.94474,0.0,1.7271770502702566e-07,4.782239329870208e-06,-2.1566620489466004e-08,0.0
2024-06-29,11071623.888119996,431.331093,370.94474,0.0,1.7271770502702566e-07,4.782239329870208e-06,-2.156660627861129e-08,0.0
2024-06-30,13609882.388760002,431.331093,370.94474,0.0,1.7271776187044452e-07,4.864871129939274e-06,-2.1566549435192428e-08,0.0
2024-07-01,13676372.581029996,431.331093,370.94474,0.0,1.7271770502702566e-07,4.782239329870208e-06,-2.1566620489466004e-08,0.0
2024-07-02,9381832.830169998,431.331093,370.94474,0.0,1.7271770502702566e-07,4.782239329870208e-06,-2.156660627861129e-08,0.0
2024-07-03,12915418.186519999,431.331093,370.94474,0.0,1.7271770502702566e-07,4.782239329870208e-06,-2.1566620489466004e-08,0.0
2024-07-04,12304720.676929995,431.331093,370.94474,0.0,1.7271770502702566e-07,4.782239329870208e-06,-2.156660627861129e-08,0.0
2024-07-05,9890045.693810001,431.331093,370.94474,0.0,1.7271770502702566e-07,4.782239329870208e-06,-2.1566620489466004e-08,0.0
2024-07-06,10103209.319469996,431.331093,370.94474,0.0,1.7271770502702566e-07,4.782239329870208e-06,-2.1566620489466004e-08,0.0
2024-07-07,13422904.239009999,431.331093,370.94474,0.0,1.7271770502702566e-07,4.782239329870208e-06,-2.1566620489466004e-08,0.0
2024-07-08,18443398.04102,431.331093,370.94474,0.0,1.7271776187044452e-07,4.864871129939274e-06,-2.1566563646047143e-08,0.0
2024-07-09,13294484.507779997,431.331093,370.94474,0.0,1.7271770502702566e-07,4.782239329870208e-06,-2.1566620489466004e-08,0.0
2024-07-10,11016590.598730002,431.331093,370.94474,0.0,1.7271770502702566e-07,4.782239329870208e-06,-2.1566620489466004e-08,0.0
2024-07-11,12632952.78679,431.331093,370.94474,0.0,1.7271770502702566e-07,4.782239329870208e-06,-2.156660627861129e-08,0.0
2024-07-12,11451556.859449998,431.331093,370.94474,0.0,1.7271770502702566e-07,4.782239329870208e-06,-2.1566620489466004e-08,0.0
2024-07-13,11308008.914860003,431.331093,370.94474,0.0,1.7271776187044452e-07,4.864871129939274e-06,-2.1566563646047143e-08,0.0
2024-07-14,12211575.727339998,431.331093,370.94474,0.0,1.7271776187044452e-07,4.864871129939274e-06,-2.1566563646047143e-08,0.0
2024-07-15,16834854.52534,431.331093,370.94474,0.0,1.7271776187044452e-07,4.864871129939274e-06,-2.1566563646047143e-08,0.0
2024-07-16,11053991.0125,431.331093,370.94474,0.0,1.7271776187044452e-07,4.864871129939274e-06,-2.1566549435192428e-08,0.0
2024-07-17,9782058.95803,431.331093,370.94474,0.0,1.7271776187044452e-07,4.864871129939274e-06,-2.1566563646047143e-08,0.0
2024-07-18,8393574.997089997,431.331093,370.94474,0.0,1.7271770502702566e-07,4.782239329870208e-06,-2.156660627861129e-08,0.0
2024-07-19,16027804.468310002,431.331093,370.94474,0.0,1.7271770502702566e-07,4.782239329870208e-06,-2.1566620489466004e-08,0.0
2024-07-20,11237171.334390003,431.331093,370.94474,0.0,1.7271770502702566e-07,4.782239329870208e-06,-2.1566620489466004e-08,0.0
2024-07-21,16561494.96735,431.331093,370.94474,0.0,1.7271770502702566e-07,4.782239329870208e-06,-2.156660627861129e-08,0.0
2024-07-22,11444405.340659998,431.331093,370.94474,0.0,1.7271776187044452e-07,4.864871129939274e-06,-2.1566549435192428e-08,0.0
2024-07-23,15239589.0319,431.331093,370.94474,0.0,1.7271770502702566e-07,4.782239329870208e-06,-2.1566620489466004e-08,0.0
2024-07-24,12907560.7901,431.331093,370.94474,0.0,1.7271770502702566e-07,4.782239329870208e-06,-2.1566620489466004e-08,0.0
2024-07-25,13391241.064789996,431.331093,370.94474,0.0,1.7271770502702566e-07,4.782239329870208e-06,-2.1566620489466004e-08,0.0
2024-07-26,26743590.21201,431.331093,370.94474,0.0,1.7271770502702566e-07,4.782239329870208e-06,-2.1566620489466004e-08,0.0
2024-07-27,11456925.221359998,431.331093,370.94474,0.0,1.7271776187044452e-07,4.864871129939274e-06,-2.1566563646047143e-08,0.0
2024-07-28,23277142.18458,431.331093,370.94474,0.0,1.7271770502702566e-07,4.782239329870208e-06,-2.156660627861129e-08,0.0
2024-07-29,15065548.85221,431.331093,370.94474,0.0,1.7271770502702566e-07,4.782239329870208e-06,-2.1566620489466004e-08,0.0
2024-07-30,14504495.58614,431.331093,370.94474,0.0,1.7271770502702566e-07,4.782239329870208e-06,-2.1566620489466004e-08,0.0
2024-07-31,11952252.343829997,431.331093,370.94474,0.0,1.7271770502702566e-07,4.782239329870208e-06,-2.156660627861129e-08,0.0
2024-08-01,9434978.0778,431.331093,370.94474,0.0,1.7271776187044452e-07,4.864871129939274e-06,-2.1566549435192428e-08,0.0
2024-08-02,4401003.604130002,431.331093,370.94474,0.0,1.7271776187044452e-07,4.864871129939274e-06,-2.1566549435192428e-08,0.0
2024-08-03,11862425.855980001,431.331093,370.94474,0.0,1.7271776187044452e-07,4.864871129939274e-06,-2.1566549435192428e-08,0.0
2024-08-04,8944776.114830002,431.331093,370.94474,0.0,1.7271770502702566e-07,4.782239329870208e-06,-2.1566620489466004e-08,0.0
2024-08-05,19247723.450349998,431.331093,370.94474,0.0,1.7271776187044452e-07,4.864871129939274e-06,-2.1566549435192428e-08,0.0
2024-08-06,13186139.575740002,348.83720900000003,300.0,0.0,2.8036521371177514e-07,4.374993011424522e-06,-2.8036521371177514e-07,0.0
2024-08-07,5138503.090019997,431.331093,370.94474,0.0,1.7271770502702566e-07,4.782239329870208e-06,-2.156660627861129e-08,0.0
2024-08-08,6459162.832360003,431.331093,370.94474,0.0,1.7271770502702566e-07,4.782239329870208e-06,-2.1566620489466004e-08,0.0
2024-08-09,8036627.947829999,348.83720900000003,300.0,0.0,2.8036521371177514e-07,4.864871129939274e-06,-2.8036521371177514e-07,0.0
2024-08-10,473680.0,200.0,172.0,0.0,0.0,2.9352433728035976e-07,0.0,0.0
2024-08-11,10071298.390429998,431.331093,370.94474,0.0,1.7271770502702566e-07,4.782239329870208e-06,-2.156660627861129e-08,0.0
2024-08-12,10535299.59147,431.331093,370.94474,0.0,1.7271776187044452e-07,4.864871129939274e-06,-2.1566563646047143e-08,0.0
2024-08-13,5321453.843420001,431.331093,370.94474,0.0,1.7271770502702566e-07,4.782239329870208e-06,-2.156660627861129e-08,0.0
2024-08-14,1694488.413560003,348.83720900000003,300.0,0.0,2.8036521371177514e-07,4.864871129939274e-06,-2.8036521371177514e-07,0.0
2024-08-15,0.0,0.0,0.0,0.0,0.0,0.0,0.0,0.0
2024-08-16,2389060.0,300.0,258.0,0.0,0.0,4.864871129939274e-06,0.0,0.0
2024-08-17,6568697.713859998,348.83720900000003,300.0,0.0,2.8036521371177514e-07,4.864871129939274e-06,-2.8036521371177514e-07,0.0
2024-08-18,9606400.0,400.0,344.0,0.0,0.0,4.864871129939274e-06,0.0,0.0
2024-08-19,21751760.496310003,431.331093,370.94474,0.0,1.7271776187044452e-07,4.864871129939274e-06,-2.1566549435192428e-08,0.0
2024-08-20,12057142.523529999,431.331093,370.94474,0.0,1.7271776187044452e-07,4.864871129939274e-06,-2.1566549435192428e-08,0.0
2024-08-21,10731216.442249998,431.331093,370.94474,0.0,1.7271776187044452e-07,4.864871129939274e-06,-2.1566549435192428e-08,0.0
2024-08-22,1485840.0,200.0,172.0,0.0,0.0,3.2034384247481285e-06,0.0,0.0
2024-08-23,3553790.6345999986,232.55814,200.0,0.0,0.0,3.6347694987171053e-06,4.3133107396897685e-07,0.0
2024-08-24,9961551.015340002,431.331093,370.94474,0.0,1.7271770502702566e-07,4.782239329870208e-06,-2.156660627861129e-08,0.0
2024-08-25,8451131.092069997,431.331093,370.94474,0.0,1.7271770502702566e-07,4.782239329870208e-06,-2.156660627861129e-08,0.0
2024-08-26,17310301.68497,431.331093,370.94474,0.0,1.7271776187044452e-07,4.864871129939274e-06,-2.1566549435192428e-08,0.0
2024-08-27,4442080.0,400.0,344.0,0.0,0.0,4.864871129939274e-06,0.0,0.0
2024-08-28,9482883.501109995,431.331093,370.94474,0.0,1.7271776187044452e-07,4.864871129939274e-06,-2.1566549435192428e-08,0.0
2024-08-29,9625042.373520002,431.331093,370.94474,0.0,1.7271770502702566e-07,4.782239329870208e-06,-2.156660627861129e-08,0.0
2024-08-30,11783605.977380002,431.331093,370.94474,0.0,1.7271776187044452e-07,4.864871129939274e-06,-2.1566549435192428e-08,0.0
2024-08-31,12411036.280010004,431.331093,370.94474,0.0,1.7271776187044452e-07,4.782239273026789e-06,-2.1566563646047143e-08,0.0
2024-09-01,8845048.96554,431.331093,370.94474,0.0,1.7271770502702566e-07,4.782239329870208e-06,-2.1566620489466004e-08,0.0
2024-09-02,19648788.03542,431.331093,370.94474,0.0,1.7271776187044452e-07,4.864871129939274e-06,-2.1566549435192428e-08,0.0
2024-09-03,10908301.831090003,431.331093,370.94474,0.0,1.7271776187044452e-07,4.864871129939274e-06,-2.1566563646047143e-08,0.0
2024-09-04,10058963.896820001,431.331093,370.94474,0.0,1.7271770502702566e-07,4.782239329870208e-06,-2.156660627861129e-08,0.0
2024-09-05,10436060.774419999,431.331093,370.94474,0.0,1.7271776187044452e-07,4.864871129939274e-06,-2.1566549435192428e-08,0.0
2024-09-06,11791548.353879996,431.331093,370.94474,0.0,1.7271776187044452e-07,4.864871129939274e-06,-2.1566563646047143e-08,0.0
2024-09-07,6490320.0,400.0,344.0,0.0,0.0,4.864871129939274e-06,0.0,0.0
2024-09-08,6934057.18203,431.331093,370.94474,0.0,1.7271770502702566e-07,4.782239329870208e-06,-2.1566620489466004e-08,0.0
2024-09-09,12709097.246760003,431.331093,370.94474,0.0,1.7271770502702566e-07,4.782239329870208e-06,-2.1566620489466004e-08,0.0
2024-09-10,5029740.0,300.0,258.0,0.0,0.0,4.864871129939274e-06,0.0,0.0
2024-09-11,596840.0,200.0,172.0,0.0,0.0,3.2034384247481285e-06,0.0,0.0
2024-09-12,5615697.716200002,348.83720900000003,300.0,0.0,2.8036521371177514e-07,4.374993011424522e-06,-2.8036521371177514e-07,0.0
2024-09-13,0.0,0.0,0.0,0.0,0.0,0.0,0.0,0.0
2024-09-14,4.973159999999991e-08,4e-12,3.44e-12,1e-12,4.787775130232665e-12,3.203438372741575e-20,4.0389678347315804e-28,0.0
2024-09-15,9510547.076170001,431.331093,370.94474,0.0,1.7271770502702566e-07,4.782239329870208e-06,-2.1566620489466004e-08,0.0
2024-09-16,8798306.148429995,431.331093,370.94474,0.0,1.7271776187044452e-07,4.864871129939274e-06,-2.1566549435192428e-08,0.0
2024-09-17,9833420.607530005,431.331093,370.94474,0.0,1.7271770502702566e-07,4.782239329870208e-06,-2.1566620489466004e-08,0.0
2024-09-18,8678915.566889998,431.331093,370.94474,0.0,1.7271770502702566e-07,4.782239329870208e-06,-2.156660627861129e-08,0.0
2024-09-19,14615370.853809997,431.331093,370.94474,0.0,1.7271770502702566e-07,4.782239329870208e-06,-2.156660627861129e-08,0.0
2024-09-20,1975400.0000003278,300.000000000002,258.00000000000273,0.0,2.933051431133525e-12,4.864870049914316e-06,-1.0800249583553523e-12,0.0
2024-09-21,8984480.0,400.0,344.0,0.0,0.0,4.864871129939274e-06,0.0,0.0
2024-09-22,7492441.96802,431.331093,370.94474,0.0,1.7271776187044452e-07,4.864871129939274e-06,-2.1566563646047143e-08,0.0
2024-09-23,12272123.61479,431.331093,370.94474,0.0,1.7271776187044452e-07,4.864871129939274e-06,-2.1566563646047143e-08,0.0
2024-09-24,9957885.758170001,431.331093,370.94474,0.0,1.7271770502702566e-07,4.782239329870208e-06,-2.156660627861129e-08,0.0
2024-09-25,9807849.406149998,431.331093,370.94474,0.0,1.7271770502702566e-07,4.782239329870208e-06,-2.1566620489466004e-08,0.0
2024-09-26,12198780.24591,431.331093,370.94474,0.0,1.7271770502702566e-07,4.782239329870208e-06,-2.1566620489466004e-08,0.0
2024-09-27,10747981.060100002,431.331093,370.94474,0.0,1.7271776187044452e-07,4.782239273026789e-06,-2.1566549435192428e-08,0.0
2024-09-28,8955904.167669998,431.331093,370.94474,0.0,1.7271770502702566e-07,4.782239329870208e-06,-2.156660627861129e-08,0.0
2024-09-29,13965007.65985,431.331093,370.94474,0.0,1.7271770502702566e-07,4.782239329870208e-06,-2.156660627861129e-08,0.0
2024-09-30,15707755.026340002,431.331093,370.94474,0.0,1.7271770502702566e-07,4.782239329870208e-06,-2.156660627861129e-08,0.0
2024-10-01,11151336.856429998,431.331093,370.94474,0.0,1.7271776187044452e-07,4.864871129939274e-06,-2.1566549435192428e-08,0.0
2024-10-02,12539816.904400004,431.331093,370.94474,0.0,1.7271776187044452e-07,4.864871129939274e-06,-2.1566549435192428e-08,0.0
2024-10-03,12250823.198200002,431.331093,370.94474,0.0,1.7271776187044452e-07,4.864871129939274e-06,-2.1566549435192428e-08,0.0
2024-10-04,17831827.97928,431.331093,370.94474,0.0,1.7271776187044452e-07,4.864871129939274e-06,-2.1566563646047143e-08,0.0
2024-10-05,3709581.3739,116.27907,100.0,0.0,0.0,3.419103961732617e-06,2.1566553698448843e-07,0.0
2024-10-06,5067015.443270002,431.331093,370.94474,0.0,1.7271776187044452e-07,4.864871129939274e-06,-2.1566563646047143e-08,0.0
2024-10-07,16477826.091690004,431.331093,370.94474,0.0,1.7271770502702566e-07,4.782239329870208e-06,-2.156660627861129e-08,0.0
2024-10-08,7250703.450819995,431.331093,370.94474,0.0,1.7271776187044452e-07,4.864871129939274e-06,-2.1566549435192428e-08,0.0
2024-10-09,11008600.430879997,431.331093,370.94474,0.0,1.7271770502702566e-07,4.782239329870208e-06,-2.156660627861129e-08,0.0
2024-10-10,15307910.991379999,431.331093,370.94474,0.0,1.7271776187044452e-07,4.864871129939274e-06,-2.1566549435192428e-08,0.0
2024-10-11,8972445.689259999,431.331093,370.94474,0.0,1.7271770502702566e-07,4.782239329870208e-06,-2.1566620489466004e-08,0.0
2024-10-12,0.0,0.0,0.0,0.0,0.0,0.0,0.0,0.0
2024-10-13,997093.0019000005,116.27907,100.0,0.0,0.0,3.419103961732617e-06,2.1566553698448843e-07,0.0
2024-10-14,18442581.05574,431.331093,370.94474,0.0,1.7271770502702566e-07,4.782239329870208e-06,-2.1566620489466004e-08,0.0
2024-10-15,8733072.142079998,431.331093,370.94474,0.0,1.7271776187044452e-07,4.864871129939274e-06,-2.1566549435192428e-08,0.0
2024-10-16,14777856.278759997,431.331093,370.94474,0.0,1.7271770502702566e-07,4.782239329870208e-06,-2.156660627861129e-08,0.0
2024-10-17,12252253.54112,431.331093,370.94474,0.0,1.7271776187044452e-07,4.864871129939274e-06,-2.1566549435192428e-08,0.0
2024-10-18,9686271.45222,431.331093,370.94474,0.0,1.7271776187044452e-07,4.864871129939274e-06,-2.1566563646047143e-08,0.0
2024-10-19,8460714.127850004,431.331093,370.94474,0.0,1.7271770502702566e-07,4.782239329870208e-06,-2.1566620489466004e-08,0.0
2024-10-20,3926139.7836700007,431.331093,370.94474,0.0,1.7271776187044452e-07,4.864871129939274e-06,-2.1566563646047143e-08,0.0
2024-10-21,15197974.908869999,431.331093,370.94474,0.0,1.7271776187044452e-07,4.864871129939274e-06,-2.1566549435192428e-08,0.0
2024-10-22,13239553.089450004,431.331093,370.94474,0.0,1.7271770502702566e-07,4.782239329870208e-06,-2.156660627861129e-08,0.0
2024-10-23,11733860.805210002,431.331093,370.94474,0.0,1.7271770502702566e-07,4.782239329870208e-06,-2.156660627861129e-08,0.0
2024-10-24,11261012.684789998,431.331093,370.94474,0.0,1.7271770502702566e-07,4.782239329870208e-06,-2.156660627861129e-08,0.0
2024-10-25,18346988.40521,431.331093,370.94474,0.0,1.7271770502702566e-07,4.782239329870208e-06,-2.156660627861129e-08,0.0
2024-10-26,8868680.0,400.0,344.0,0.0,7.105427357601002e-15,4.864871129939274e-06,-7.105427357601002e-15,0.0
2024-10-27,9863253.34863,431.331093,370.94474,0.0,1.7271770502702566e-07,4.782239329870208e-06,-2.156660627861129e-08,0.0
2024-10-28,22866212.988619998,431.331093,370.94474,0.0,1.7271770502702566e-07,4.782239329870208e-06,-2.1566620489466004e-08,0.0
2024-10-29,12264839.774190001,431.331093,370.94474,0.0,1.7271776187044452e-07,4.864871129939274e-06,-2.1566563646047143e-08,0.0
2024-10-30,10622269.45246,431.331093,370.94474,0.0,1.7271776187044452e-07,4.864871129939274e-06,-2.1566563646047143e-08,0.0
2024-10-31,14056320.98815,431.331093,370.94474,0.0,1.7271776187044452e-07,4.864871129939274e-06,-2.1566563646047143e-08,0.0
2024-11-01,11101946.17195,431.331093,370.94474,0.0,1.7271776187044452e-07,4.864871129939274e-06,-2.1566549435192428e-08,0.0
2024-11-02,4398116.2552000005,116.27907,100.0,0.0,0.0,3.419103961732617e-06,2.1566553698448843e-07,0.0
2024-11-03,11837147.48426,431.331093,370.94474,0.0,1.7271770502702566e-07,4.782239329870208e-06,-2.156660627861129e-08,0.0
2024-11-04,13443015.11443,431.331093,370.94474,0.0,1.7271776187044452e-07,4.864871129939274e-06,-2.1566549435192428e-08,0.0
2024-11-05,12198349.310080003,431.331093,370.94474,0.0,1.7271776187044452e-07,4.864871129939274e-06,-2.1566563646047143e-08,0.0
2024-11-06,13941941.845760003,431.331093,370.94474,0.0,1.7271776187044452e-07,4.864871129939274e-06,-2.1566563646047143e-08,0.0
2024-11-07,15047422.102920003,431.331093,370.94474,0.0,1.7271776187044452e-07,4.864871129939274e-06,-2.1566563646047143e-08,0.0
2024-11-08,14346181.874189995,431.331093,370.94474,0.0,1.7271776187044452e-07,4.864871129939274e-06,-2.1566563646047143e-08,0.0
2024-11-09,2934328.8117901087,431.331093,370.94474000000105,0.0,1.727166250020673e-07,4.7822404098951665e-06,-2.156770051442436e-08,0.0
2024-11-10,8838577.961399997,431.331093,370.94474,0.0,1.7271770502702566e-07,4.782239329870208e-06,-2.156660627861129e-08,0.0
2024-11-11,17637689.879659995,431.331093,370.94474,0.0,1.7271776187044452e-07,4.864871129939274e-06,-2.1566563646047143e-08,0.0
2024-11-12,12613540.830470001,431.331093,370.94474,0.0,1.7271776187044452e-07,4.864871129939274e-06,-2.1566549435192428e-08,0.0
2024-11-13,7880512.02758,431.331093,370.94474,0.0,1.7271776187044452e-07,4.864871129939274e-06,-2.1566549435192428e-08,0.0
2024-11-14,17021739.295720004,431.331093,370.94474,0.0,1.7271776187044452e-07,4.864871129939274e-06,-2.1566549435192428e-08,0.0
2024-11-15,10243310.015519999,431.331093,370.94474,0.0,1.7271776187044452e-07,4.864871129939274e-06,-2.1566549435192428e-08,0.0
2024-11-16,178640.0,200.0,172.0,0.0,0.0,2.9352433728035976e-07,0.0,0.0
2024-11-17,6383672.163469998,431.331093,370.94474,0.0,1.7271776187044452e-07,4.864871129939274e-06,-2.1566549435192428e-08,0.0
2024-11-18,9994286.492039999,431.331093,370.94474,0.0,1.7271770502702566e-07,4.782239329870208e-06,-2.156660627861129e-08,0.0
2024-11-19,14504267.65933,431.331093,370.94474,0.0,1.7271776187044452e-07,4.864871129939274e-06,-2.1566563646047143e-08,0.0
2024-11-20,17478158.62607,431.331093,370.94474,0.0,1.7271776187044452e-07,4.864871129939274e-06,-2.1566549435192428e-08,0.0
2024-11-21,14773547.557000002,431.331093,370.94474,0.0,1.7271776187044452e-07,4.864871129939274e-06,-2.1566549435192428e-08,0.0
2024-11-22,7278869.190330001,431.331093,370.94474,0.0,1.7271776187044452e-07,4.864871129939274e-06,-2.1566549435192428e-08,0.0
2024-11-23,15242003.701689998,431.331093,370.94474,0.0,2.1566549435192428e-08,3.1818718895237907e-06,-2.1566535224337713e-08,0.0
2024-11-24,13830925.825399999,431.331093,370.94474,0.0,2.1566549435192428e-08,4.69215336806883e-06,-2.1566549435192428e-08,0.0
2024-11-25,15131724.873550002,431.331093,370.94474,0.0,1.7271770502702566e-07,4.782239329870208e-06,-2.1566620489466004e-08,0.0
2024-11-26,16103448.34204,431.331093,370.94474,0.0,1.7271776187044452e-07,4.864871129939274e-06,-2.1566549435192428e-08,0.0
2024-11-27,11457962.707799997,431.331093,370.94474,0.0,1.7271776187044452e-07,4.864871129939274e-06,-2.1566549435192428e-08,0.0
2024-11-28,12152105.889919998,431.331093,370.94474,0.0,1.7271770502702566e-07,4.782239329870208e-06,-2.156660627861129e-08,0.0
2024-11-29,17569867.380060002,431.331093,370.94474,0.0,1.7271776187044452e-07,4.864871129939274e-06,-2.1566563646047143e-08,0.0
2024-11-30,2443240.0,300.0,258.0,0.0,0.0,4.864871129939274e-06,0.0,0.0
2024-12-01,2847516.851719998,431.331093,370.94474,0.0,1.7271770502702566e-07,4.782239329870208e-06,-2.156660627861129e-08,0.0
2024-12-02,24777798.024499997,431.331093,370.94474,0.0,1.7271776187044452e-07,4.864871129939274e-06,-2.1566549435192428e-08,0.0
2024-12-03,20587206.24491,431.331093,370.94474,0.0,1.7271776187044452e-07,4.864871129939274e-06,-2.1566549435192428e-08,0.0
2024-12-04,18577780.67792,431.331093,370.94474,0.0,1.7271776187044452e-07,4.864871129939274e-06,-2.1566549435192428e-08,0.0
2024-12-05,16117389.076720003,431.331093,370.94474,0.0,1.7271776187044452e-07,4.864871129939274e-06,-2.1566549435192428e-08,0.0
2024-12-06,18941888.674089998,431.331093,370.94474,0.0,1.7271776187044452e-07,4.864871129939274e-06,-2.1566549435192428e-08,0.0
2024-12-07,3820920.0,400.0,344.0,0.0,7.105427357601002e-15,4.864871129939274e-06,-7.105427357601002e-15,0.0
2024-12-08,11661929.016730003,431.331093,370.94474,0.0,1.7271776187044452e-07,4.864871129939274e-06,-2.1566563646047143e-08,0.0
2024-12-09,25165820.96045,431.331093,370.94474,0.0,1.7271770502702566e-07,4.782239329870208e-06,-2.156660627861129e-08,0.0
2024-12-10,21802377.13031,431.331093,370.94474,0.0,1.7271776187044452e-07,4.864871129939274e-06,-2.1566563646047143e-08,0.0
2024-12-11,22489408.087819997,431.331093,370.94474,0.0,1.7271776187044452e-07,4.864871129939274e-06,-2.1566563646047143e-08,0.0
2024-12-12,19573842.690569997,431.331093,370.94474,0.0,1.7271776187044452e-07,4.864871129939274e-06,-2.1566549435192428e-08,0.0
2024-12-13,17167135.0225,431.331093,370.94474,0.0,1.7271776187044452e-07,4.864871129939274e-06,-2.1566549435192428e-08,0.0
2024-12-14,0.0,0.0,0.0,0.0,0.0,0.0,0.0,0.0
2024-12-15,13885003.01285,431.331093,370.94474,0.0,1.7271776187044452e-07,4.864871129939274e-06,-2.1566549435192428e-08,0.0
2024-12-16,21068848.40044,431.331093,370.94474,0.0,1.7271776187044452e-07,4.864871129939274e-06,-2.1566549435192428e-08,0.0
2024-12-17,18161196.559120003,431.331093,370.94474,0.0,1.7271776187044452e-07,4.864871129939274e-06,-2.1566549435192428e-08,0.0
2024-12-18,25256407.06796,431.331093,370.94474,0.0,1.7271776187044452e-07,4.864871129939274e-06,-2.1566563646047143e-08,0.0
2024-12-19,20589902.815089997,431.331093,370.94474,0.0,1.7271776187044452e-07,4.864871129939274e-06,-2.1566549435192428e-08,0.0
2024-12-20,21641164.578839995,431.331093,370.94474,0.0,1.7271770502702566e-07,4.782239329870208e-06,-2.156660627861129e-08,0.0
2024-12-21,10499512.912559997,431.331093,370.94474,0.0,1.7271770502702566e-07,4.782239329870208e-06,-2.156660627861129e-08,0.0
2024-12-22,4269282.956989997,431.331093,370.94474,0.0,1.7271776187044452e-07,4.864871129939274e-06,-2.1566549435192428e-08,0.0
2024-12-23,21436185.311729997,431.331093,370.94474,0.0,1.7271776187044452e-07,4.864871129939274e-06,-2.1566549435192428e-08,0.0
2024-12-24,17688316.91139,431.331093,370.94474,0.0,1.7271776187044452e-07,4.864871129939274e-06,-2.1566549435192428e-08,0.0
2024-12-25,10067706.53026,431.331093,370.94474,0.0,1.7271776187044452e-07,4.864871129939274e-06,-2.1566549435192428e-08,0.0
2024-12-26,22994397.573850002,431.331093,370.94474,0.0,1.7271776187044452e-07,4.864871129939274e-06,-2.1566563646047143e-08,0.0
2024-12-27,19360034.21097,431.331093,370.94474,0.0,1.7271776187044452e-07,4.864871129939274e-06,-2.1566563646047143e-08,0.0
2024-12-28,0.0,0.0,0.0,0.0,0.0,0.0,0.0,0.0
2024-12-29,1304047.1743799988,431.331093,370.94474,0.0,1.7271770502702566e-07,4.782239329870208e-06,-2.156660627861129e-08,0.0
2024-12-30,25161440.02481,431.331093,370.94474,0.0,1.7271776187044452e-07,4.864871129939274e-06,-2.1566549435192428e-08,0.0
