year,gross_revenue_krw,om_krw,capex_krw,net_cashflow_krw
0,0.0,0.0,188000000000.0,-188000000000.0
1,4716836064.580606,3760000000.0,0.0,956836064.5806065
2,4622499343.288994,3760000000.0,0.0,862499343.2889938
3,4530049356.423214,3760000000.0,0.0,770049356.423214
4,4439448369.29475,3760000000.0,0.0,679448369.2947502
5,4350659401.9088545,3760000000.0,0.0,590659401.9088545
6,4263646213.8706775,3760000000.0,0.0,503646213.8706775
7,4178373289.593264,3760000000.0,0.0,418373289.5932641
8,4094805823.8013988,3760000000.0,0.0,334805823.80139875
9,4012909707.325371,3760000000.0,0.0,252909707.3253708
10,3932651513.1788635,3760000000.0,0.0,172651513.17886353
11,3853998482.9152856,3760000000.0,0.0,93998482.91528559
12,3776918513.25698,3760000000.0,0.0,16918513.256979942
13,3701380142.9918404,3760000000.0,0.0,-58619857.00815964
14,3627352540.1320033,3760000000.0,0.0,-132647459.8679967
15,3554805489.3293633,3760000000.0,0.0,-205194510.67063665
