year,contract_payment_krw,fixed_om_incl_augmentation_krw,capex_krw,net_cashflow_krw,discount_factor,pv_net_cashflow_krw
0,0.0,0.0,180953908680.6,-180953908680.6,1.0,-180953908680.6
1,24391614208.781693,4523847717.015,0.0,19867766491.766693,0.9345794392523364,18568006067.071674
2,24391614208.781693,4523847717.015,0.0,19867766491.766693,0.8734387282732116,17353276698.197826
3,24391614208.781693,4523847717.015,0.0,19867766491.766693,0.8162978768908519,16218015605.79236
4,24391614208.781693,4523847717.015,0.0,19867766491.766693,0.7628952120475251,15157023930.647064
5,24391614208.781693,4523847717.015,0.0,19867766491.766693,0.7129861794836683,14165442925.838377
6,24391614208.781693,4523847717.015,0.0,19867766491.766693,0.6663422238165123,13238731706.391005
7,24391614208.781693,4523847717.015,0.0,19867766491.766693,0.622749741884591,12372646454.571033
8,24391614208.781693,4523847717.015,0.0,19867766491.766693,0.5820091045650382,11563220985.580402
9,24391614208.781693,4523847717.015,0.0,19867766491.766693,0.5439337425841478,10806748584.654583
10,24391614208.781693,4523847717.015,0.0,19867766491.766693,0.5083492921347176,10099765032.387459
11,24391614208.781693,4523847717.015,0.0,19867766491.766693,0.47509279638758645,9439032740.549026
12,24391614208.781693,4523847717.015,0.0,19867766491.766693,0.444011959240735,8821525925.746754
13,24391614208.781693,4523847717.015,0.0,19867766491.766693,0.41496444788853737,8244416753.0343485
14,24391614208.781693,4523847717.015,0.0,19867766491.766693,0.3878172410173246,7705062386.01341
15,24391614208.781693,4523847717.015,0.0,19867766491.766693,0.36244601964235945,7200992884.124681
